CODE,CODE DESC.,Serviço,GRUP,SHORT,QS COD,PART CODE,PRICE,DURACAO,Descrição
QSLE,QS LIGEIRO ECONOMIC,Alinhamento de Direção,PNEU,TY,001,QSLE-TY001,800,30,
QSLE,QS LIGEIRO ECONOMIC,Alinhamento com camber,PNEU,TY,002,QSLE-TY002,800,,
QSLE,QS LIGEIRO ECONOMIC,Balanceamento Jante Aluminio,PNEU,TY,003,QSLE-TY003,250,45,
QSLE,QS LIGEIRO ECONOMIC,Balanceamento Jante Ferro,PNEU,TY,004,QSLE-TY004,200,15,
QSLE,QS LIGEIRO ECONOMIC,Diagnóstico Computadorizado e Diagnóstico Físico,SERVICE,SV,001,QSLE-SV001,2500,15,
QSLE,QS LIGEIRO ECONOMIC,Diagnóstico Computadorizado,SERVICE,SV,002,QSLE-SV002,1500,15,
QSLE,QS LIGEIRO ECONOMIC,Inspeção Física Diagnóstica,SERVICE,SV,003,QSLE-SV003,1000,,
QSLE,QS LIGEIRO ECONOMIC,Lavagem de Cadeiras,SERVICE,SV,004,QSLE-SV004,2500,,
QSLE,QS LIGEIRO ECONOMIC,Limpeza de Pnes,PNEU,TY,005,QSLE-TY005,200,15,
QSLE,QS LIGEIRO ECONOMIC,Limpeza de Sensor de Escape,LIMPEZA,CL,001,QSLE-CL001,1000,,
QSLE,QS LIGEIRO ECONOMIC,Limpeza de TBI (Tubo de Borboleta de Injeção),LIMPEZA,CL,002,QSLE-CL002,1500,60,
QSLE,QS LIGEIRO ECONOMIC,Limpeza do Cárter da Caixa,LIMPEZA,CL,003,QSLE-CL003,1800,90,
QSLE,QS LIGEIRO ECONOMIC,Lavagem Externa,LIMPEZA,CL,004,QSLE-CL004,,,
QSLE,QS LIGEIRO ECONOMIC,Lavagem Interna,LIMPEZA,CL,005,QSLE-CL005,,,
QSLE,QS LIGEIRO ECONOMIC,Lavagem Interna e Externa,LIMPEZA,CL,006,QSLE-CL006,,,
QSLE,QS LIGEIRO ECONOMIC,Limpeza do Cárter do Motor,LIMPEZA,CL,007,QSLE-CL007,1500,90,
QSLE,QS LIGEIRO ECONOMIC,Lubrificação de Copos,SERVICE,SV,005,QSLE-SV005,200,,
QSLE,QS LIGEIRO ECONOMIC,Lubrificação de Dados,SERVICE,SV,006,QSLE-SV006,200,,
QSLE,QS LIGEIRO ECONOMIC,Montagem de Pernos,PNEU,TY,006,QSLE-TY006,300,30,
QSLE,QS LIGEIRO ECONOMIC,Montagem de Pneus,PNEU,TY,007,QSLE-TY007,200,15,
QSLE,QS LIGEIRO ECONOMIC,Montagem de Valvula de Ar,PNEU,TY,008,QSLE-TY008,100,15,
QSLE,QS LIGEIRO ECONOMIC,Mudança de Óleo e Filtros,SERVICE,SV,007,QSLE-SV007,500,45,
QSLE,QS LIGEIRO ECONOMIC,Remenda de Pneus,PNEU,TY,009,QSLE-TY009,200,15,
QSLE,QS LIGEIRO ECONOMIC,Reparação de Radiador,ENGINE,EN,001,QSLE-EN001,3000,120,
QSLE,QS LIGEIRO ECONOMIC,Reparação do Motor,ENGINE,EN,002,QSLE-EN002,10500,7 DIAS,
QSLE,QS LIGEIRO ECONOMIC,Substituição da Bobina de Ignição,ENGINE,EN,003,QSLE-EN003,500,15,
QSLE,QS LIGEIRO ECONOMIC,Remenda tubeless,PNEU,TY,010,QSLE-TY010,200,15,
QSLE,QS LIGEIRO ECONOMIC,Substituição de Vela de Ignição,ENGINE,EN,004,QSLE-EN004,500,15,
QSLE,QS LIGEIRO ECONOMIC,Troca  de Rotulas,SUSPENSAO,SP,001,QSLE-SP001,1200,120,
QSLE,QS LIGEIRO ECONOMIC,Troca de Alternador,ENGINE,EN,005,QSLE-EN005,1500,120,
QSLE,QS LIGEIRO ECONOMIC,Troca de Amortecedores de frente,SUSPENSAO,SP,002,QSLE-SP002,1500,45,
QSLE,QS LIGEIRO ECONOMIC,Troca de Amortecedores de Tras (WITH COIL),SUSPENSAO,SP,003,QSLE-SP003,1500,45,
QSLE,QS LIGEIRO ECONOMIC,Troca de Amortecedores de Tras (WITHOUT COIL),SUSPENSAO,SP,004,QSLE-SP004,800,45,
QSLE,QS LIGEIRO ECONOMIC,Troca de Apoio de Motor,ENGINE,EN,006,QSLE-EN006,1000,90,
QSLE,QS LIGEIRO ECONOMIC,TROCA DE PULIA,FREIOS,BK,001,QSLE-BK001,1000,,
QSLE,QS LIGEIRO ECONOMIC,TROCA DE BALATAS,FREIOS,BK,002,QSLE-BK002,800,45,
QSLE,QS LIGEIRO ECONOMIC,TROCA DE BRACOS,SUSPENSAO,SP,005,QSLE-SP005,1200,90,
QSLE,QS LIGEIRO ECONOMIC,TROCA DE CAIXA DE VELOCIDADE,SUSPENSAO,SP,006,QSLE-SP006,4500,48H,
QSLE,QS LIGEIRO ECONOMIC,Troca de Calsos,FREIOS,BK,003,QSLE-BK003,500,15,
QSLE,QS LIGEIRO ECONOMIC,Troca de Cardans,SUSPENSAO,SP,007,QSLE-SP007,1500,120,
QSLE,QS LIGEIRO ECONOMIC,TROCA DE CASQUILHOS DA BARRA ESTABILIZADORA,SUSPENSAO,SP,008,QSLE-SP008,1500,45,
QSLE,QS LIGEIRO ECONOMIC,TROCA DE CASQUILHOS DAS MOLAS,SUSPENSAO,SP,009,QSLE-SP009,5500,120,
QSLE,QS LIGEIRO ECONOMIC,TROCA DE CASQUILHOS DO CHARION,SUSPENSAO,SP,010,QSLE-SP010,4500,180,
QSLE,QS LIGEIRO ECONOMIC,Troca de Casquilhos dos Triangulos,SUSPENSAO,SP,011,QSLE-SP011,800,180,
QSLE,QS LIGEIRO ECONOMIC,TROCA DE CORREIA DE COMANDO,ENGINE,EN,007,QSLE-EN007,1500,90,
QSLE,QS LIGEIRO ECONOMIC,TROCA DE CORREIA DE PS,ENGINE,EN,008,QSLE-EN008,300,15,
QSLE,QS LIGEIRO ECONOMIC,TROCA DE CORREIA DO ALTERNADOR,ENGINE,EN,009,QSLE-EN009,500,15,
QSLE,QS LIGEIRO ECONOMIC,Troca de Cruzeta,SUSPENSAO,SP,012,QSLE-SP012,1200,120,
QSLE,QS LIGEIRO ECONOMIC,TROCA DE CUBO DE FRENTE,SUSPENSAO,SP,013,QSLE-SP013,1000,90,
QSLE,QS LIGEIRO ECONOMIC,TROCA DE CUBO DE TRAS,SUSPENSAO,SP,014,QSLE-SP014,1500,90,
QSLE,QS LIGEIRO ECONOMIC,Troca de dados,SUSPENSAO,SP,015,QSLE-SP015,1500,120,
QSLE,QS LIGEIRO ECONOMIC,TROCA DE DISCO DE EMBRIAGEM,ENGINE,EN,010,QSLE-EN010,3500,45,
QSLE,QS LIGEIRO ECONOMIC,TROCA DE DISCO DE TRAVAO,FREIOS,BK,004,QSLE-BK004,500,60,
QSLE,QS LIGEIRO ECONOMIC,Parafinação de Chassi,SERVICE,SV,008,QSLE-SV008,800,,
QSLE,QS LIGEIRO ECONOMIC,TROCA DE FOLE DE CAIXA DE DIRECAO,SUSPENSAO,SP,016,QSLE-SP016,500,30,
QSLE,QS LIGEIRO ECONOMIC,TROCA DE FOLE DO CARDA,SUSPENSAO,SP,017,QSLE-SP017,500,30,
QSLE,QS LIGEIRO ECONOMIC,TROCA DE JUNTA DE CABECA,ENGINE,EN,011,QSLE-EN011,3000,48H,
QSLE,QS LIGEIRO ECONOMIC,TROCA DE KITS HYDRAULICOS DE EMBRIAGEM,ENGINE,EN,012,QSLE-EN012,800,60,
QSLE,QS LIGEIRO ECONOMIC,TROCA DE MOTOR DE ARRANQUE,ENGINE,EN,013,QSLE-EN013,1500,90,
QSLE,QS LIGEIRO ECONOMIC,TROCA DE OLEO DE CAIXA,ENGINE,EN,014,QSLE-EN014,800,15,
QSLE,QS LIGEIRO ECONOMIC,TROCA DE OLEO DE DIFERENCIAL,SUSPENSAO,SP,018,QSLE-SP018,600,15,
QSLE,QS LIGEIRO ECONOMIC,Troca de Ponteiras,SUSPENSAO,SP,019,QSLE-SP019,800,15,
QSLE,QS LIGEIRO ECONOMIC,TROCA DE PONTERINHAS,SUSPENSAO,SP,020,QSLE-SP020,800,30,
QSLE,QS LIGEIRO ECONOMIC,TROCA DE SENSORES,ENGINE,EN,015,QSLE-EN015,1500,45,
QSLE,QS LIGEIRO ECONOMIC,TROCA DE TRIANGULOS,SUSPENSAO,SP,021,QSLE-SP021,1500,120,
QSLE,QS LIGEIRO ECONOMIC,TROCA DE VEDANTE DA TAMPA DAS VALVULAS,ENGINE,EN,016,QSLE-EN016,1500,48H,
QSLE,QS LIGEIRO ECONOMIC,TROCA DE VEIO,SUSPENSAO,SP,022,QSLE-SP022,1500,45,
QSLE,QS LIGEIRO ECONOMIC,TROCA DE VEDANTE DA CAMBOTA,ENGINE,EN,017,QSLE-EN017,800,90,
QSLE,QS LIGEIRO ECONOMIC,TROCA DO KIT DE EMBRIAGEM DA CAIXA,ENGINE,EN,018,QSLE-EN018,4500,48H,
QSLE,QS LIGEIRO ECONOMIC,TROCA DO LIQUIDO AREFECIMENTO,SERVICE,SV,009,QSLE-SV009,500,15,
QSLE,QS LIGEIRO ECONOMIC,VALET,LIMPEZA,CL,008,QSLE-CL008,2500,,
QSLE,QS LIGEIRO ECONOMIC,Vulcanização de Pneus,PNEU,TY,011,QSLE-TY011,350,45,
QSLL,QS LIGEIRO LUXURIOUS,Alinhamento de Direção,PNEU,TY,001,QSLL-TY001,1200,30,
QSLL,QS LIGEIRO LUXURIOUS,Alinhamento com camber,PNEU,TY,002,QSLL-TY002,1200,,
QSLL,QS LIGEIRO LUXURIOUS,Balanceamento Jante Aluminio,PNEU,TY,003,QSLL-TY003,250,45,
QSLL,QS LIGEIRO LUXURIOUS,Balanceamento Jante Ferro,PNEU,TY,004,QSLL-TY004,200,15,
QSLL,QS LIGEIRO LUXURIOUS,Diagnóstico Computadorizado e Diagnóstico Físico,SERVICE,SV,001,QSLL-SV001,2500,15,
QSLL,QS LIGEIRO LUXURIOUS,Diagnóstico Computadorizado,SERVICE,SV,002,QSLL-SV002,1500,15,
QSLL,QS LIGEIRO LUXURIOUS,Inspeção Física Diagnóstica,SERVICE,SV,003,QSLL-SV003,1000,,
QSLL,QS LIGEIRO LUXURIOUS,Lavagem de Cadeiras,SERVICE,SV,004,QSLL-SV004,3500,,
QSLL,QS LIGEIRO LUXURIOUS,Limpeza de Pnes,PNEU,TY,005,QSLL-TY005,200,15,
QSLL,QS LIGEIRO LUXURIOUS,Limpeza de Sensor de Escape,LIMPEZA,CL,001,QSLL-CL001,1500,,
QSLL,QS LIGEIRO LUXURIOUS,Limpeza de TBI (Tubo de Borboleta de Injeção),LIMPEZA,CL,002,QSLL-CL002,2000,60,
QSLL,QS LIGEIRO LUXURIOUS,Limpeza do Cárter da Caixa,LIMPEZA,CL,003,QSLL-CL003,1800,90,
QSLL,QS LIGEIRO LUXURIOUS,Lavagem Externa,LIMPEZA,CL,004,QSLL-CL004,,,
QSLL,QS LIGEIRO LUXURIOUS,Lavagem Interna,LIMPEZA,CL,005,QSLL-CL005,,,
QSLL,QS LIGEIRO LUXURIOUS,Lavagem Interna e Externa,LIMPEZA,CL,006,QSLL-CL006,,,
QSLL,QS LIGEIRO LUXURIOUS,Limpeza do Cárter do Motor,LIMPEZA,CL,007,QSLL-CL007,1500,90,
QSLL,QS LIGEIRO LUXURIOUS,Lubrificação de Copos,SERVICE,SV,005,QSLL-SV005,200,,
QSLL,QS LIGEIRO LUXURIOUS,Lubrificação de Dados,SERVICE,SV,006,QSLL-SV006,200,,
QSLL,QS LIGEIRO LUXURIOUS,Montagem de Pernos,PNEU,TY,006,QSLL-TY006,400,30,
QSLL,QS LIGEIRO LUXURIOUS,Montagem de Pneus,PNEU,TY,007,QSLL-TY007,200,15,
QSLL,QS LIGEIRO LUXURIOUS,Montagem de Valvula de Ar,PNEU,TY,008,QSLL-TY008,100,15,
QSLL,QS LIGEIRO LUXURIOUS,Mudança de Óleo e Filtros,SERVICE,SV,007,QSLL-SV007,800,45,
QSLL,QS LIGEIRO LUXURIOUS,Remenda de Pneus,PNEU,TY,009,QSLL-TY009,200,15,
QSLL,QS LIGEIRO LUXURIOUS,Reparação de Radiador,ENGINE,EN,001,QSLL-EN001,3500,120,
QSLL,QS LIGEIRO LUXURIOUS,Reparação do Motor,ENGINE,EN,002,QSLL-EN002,10500,7 DIAS,
QSLL,QS LIGEIRO LUXURIOUS,Substituição da Bobina de Ignição,ENGINE,EN,003,QSLL-EN003,500,15,
QSLL,QS LIGEIRO LUXURIOUS,Remenda tubeless,PNEU,TY,010,QSLL-TY010,200,15,
QSLL,QS LIGEIRO LUXURIOUS,Substituição de Vela de Ignição,ENGINE,EN,004,QSLL-EN004,800,15,
QSLL,QS LIGEIRO LUXURIOUS,Troca  de Rotulas,SUSPENSAO,SP,001,QSLL-SP001,1200,120,
QSLL,QS LIGEIRO LUXURIOUS,Troca de Alternador,ENGINE,EN,005,QSLL-EN005,1500,120,
QSLL,QS LIGEIRO LUXURIOUS,Troca de Amortecedores de frente,SUSPENSAO,SP,002,QSLL-SP002,1500,45,
QSLL,QS LIGEIRO LUXURIOUS,Troca de Amortecedores de Tras (WITH COIL),SUSPENSAO,SP,003,QSLL-SP003,1500,45,
QSLL,QS LIGEIRO LUXURIOUS,Troca de Amortecedores de Tras (WITHOUT COIL),SUSPENSAO,SP,004,QSLL-SP004,800,45,
QSLL,QS LIGEIRO LUXURIOUS,Troca de Apoio de Motor,ENGINE,EN,006,QSLL-EN006,1000,90,
QSLL,QS LIGEIRO LUXURIOUS,TROCA DE PULIA,FREIOS,BK,001,QSLL-BK001,1500,,
QSLL,QS LIGEIRO LUXURIOUS,TROCA DE BALATAS,FREIOS,BK,002,QSLL-BK002,1500,45,
QSLL,QS LIGEIRO LUXURIOUS,TROCA DE BRACOS,SUSPENSAO,SP,005,QSLL-SP005,1200,90,
QSLL,QS LIGEIRO LUXURIOUS,TROCA DE CAIXA DE VELOCIDADE,SUSPENSAO,SP,006,QSLL-SP006,5500,48H,
QSLL,QS LIGEIRO LUXURIOUS,Troca de Calsos,FREIOS,BK,003,QSLL-BK003,1000,15,
QSLL,QS LIGEIRO LUXURIOUS,Troca de Cardans,SUSPENSAO,SP,007,QSLL-SP007,1800,120,
QSLL,QS LIGEIRO LUXURIOUS,TROCA DE CASQUILHOS DA BARRA ESTABILIZADORA,SUSPENSAO,SP,008,QSLL-SP008,1800,45,
QSLL,QS LIGEIRO LUXURIOUS,TROCA DE CASQUILHOS DAS MOLAS,SUSPENSAO,SP,009,QSLL-SP009,5500,120,
QSLL,QS LIGEIRO LUXURIOUS,TROCA DE CASQUILHOS DO CHARION,SUSPENSAO,SP,010,QSLL-SP010,4500,180,
QSLL,QS LIGEIRO LUXURIOUS,Troca de Casquilhos dos Triangulos,SUSPENSAO,SP,011,QSLL-SP011,1200,180,
QSLL,QS LIGEIRO LUXURIOUS,TROCA DE CORREIA DE COMANDO,ENGINE,EN,007,QSLL-EN007,1500,90,
QSLL,QS LIGEIRO LUXURIOUS,TROCA DE CORREIA DE PS,ENGINE,EN,008,QSLL-EN008,300,15,
QSLL,QS LIGEIRO LUXURIOUS,TROCA DE CORREIA DO ALTERNADOR,ENGINE,EN,009,QSLL-EN009,500,15,
QSLL,QS LIGEIRO LUXURIOUS,Troca de Cruzeta,SUSPENSAO,SP,012,QSLL-SP012,1000,120,
QSLL,QS LIGEIRO LUXURIOUS,TROCA DE CUBO DE FRENTE,SUSPENSAO,SP,013,QSLL-SP013,1500,90,
QSLL,QS LIGEIRO LUXURIOUS,TROCA DE CUBO DE TRAS,SUSPENSAO,SP,014,QSLL-SP014,2000,90,
QSLL,QS LIGEIRO LUXURIOUS,Troca de dados,SUSPENSAO,SP,015,QSLL-SP015,1800,120,
QSLL,QS LIGEIRO LUXURIOUS,TROCA DE DISCO DE EMBRIAGEM,ENGINE,EN,010,QSLL-EN010,3500,45,
QSLL,QS LIGEIRO LUXURIOUS,TROCA DE DISCO DE TRAVAO,FREIOS,BK,004,QSLL-BK004,1000,60,
QSLL,QS LIGEIRO LUXURIOUS,Parafinação de Chassi,SERVICE,SV,008,QSLL-SV008,1200,,
QSLL,QS LIGEIRO LUXURIOUS,TROCA DE FOLE DE CAIXA DE DIRECAO,SUSPENSAO,SP,016,QSLL-SP016,500,30,
QSLL,QS LIGEIRO LUXURIOUS,TROCA DE FOLE DO CARDA,SUSPENSAO,SP,017,QSLL-SP017,500,30,
QSLL,QS LIGEIRO LUXURIOUS,TROCA DE JUNTA DE CABECA,ENGINE,EN,011,QSLL-EN011,3500,48H,
QSLL,QS LIGEIRO LUXURIOUS,TROCA DE KITS HYDRAULICOS DE EMBRIAGEM,ENGINE,EN,012,QSLL-EN012,1000,60,
QSLL,QS LIGEIRO LUXURIOUS,TROCA DE MOTOR DE ARRANQUE,ENGINE,EN,013,QSLL-EN013,2500,90,
QSLL,QS LIGEIRO LUXURIOUS,TROCA DE OLEO DE CAIXA,ENGINE,EN,014,QSLL-EN014,1200,15,
QSLL,QS LIGEIRO LUXURIOUS,TROCA DE OLEO DE DIFERENCIAL,SUSPENSAO,SP,018,QSLL-SP018,600,15,
QSLL,QS LIGEIRO LUXURIOUS,Troca de Ponteiras,SUSPENSAO,SP,019,QSLL-SP019,800,15,
QSLL,QS LIGEIRO LUXURIOUS,TROCA DE PONTERINHAS,SUSPENSAO,SP,020,QSLL-SP020,800,30,
QSLL,QS LIGEIRO LUXURIOUS,TROCA DE SENSORES,ENGINE,EN,015,QSLL-EN015,1500,45,
QSLL,QS LIGEIRO LUXURIOUS,TROCA DE TRIANGULOS,SUSPENSAO,SP,021,QSLL-SP021,2000,120,
QSLL,QS LIGEIRO LUXURIOUS,TROCA DE VEDANTE DA TAMPA DAS VALVULAS,ENGINE,EN,016,QSLL-EN016,1500,48H,
QSLL,QS LIGEIRO LUXURIOUS,TROCA DE VEIO,SUSPENSAO,SP,022,QSLL-SP022,1500,45,
QSLL,QS LIGEIRO LUXURIOUS,TROCA DE VEDANTE DA CAMBOTA,ENGINE,EN,017,QSLL-EN017,800,90,
QSLL,QS LIGEIRO LUXURIOUS,TROCA DO KIT DE EMBRIAGEM DA CAIXA,ENGINE,EN,018,QSLL-EN018,4500,48H,
QSLL,QS LIGEIRO LUXURIOUS,TROCA DO LIQUIDO AREFECIMENTO,SERVICE,SV,009,QSLL-SV009,800,15,
QSLL,QS LIGEIRO LUXURIOUS,VALET,LIMPEZA,CL,008,QSLL-CL008,4000,,
QSLL,QS LIGEIRO LUXURIOUS,Vulcanização de Pneus,PNEU,TY,011,QSLL-TY011,350,45,
QSCE,QS COMERCIAL ECONOMIC,Alinhamento de Direção,PNEU,TY,001,QSCE-TY001,1200,30,
QSCE,QS COMERCIAL ECONOMIC,Alinhamento com camber,PNEU,TY,002,QSCE-TY002,2000,,
QSCE,QS COMERCIAL ECONOMIC,Balanceamento Jante Aluminio,PNEU,TY,003,QSCE-TY003,250,45,
QSCE,QS COMERCIAL ECONOMIC,Balanceamento Jante Ferro,PNEU,TY,004,QSCE-TY004,200,15,
QSCE,QS COMERCIAL ECONOMIC,Diagnóstico Computadorizado e Diagnóstico Físico,SERVICE,SV,001,QSCE-SV001,2500,15,
QSCE,QS COMERCIAL ECONOMIC,Diagnóstico Computadorizado,SERVICE,SV,002,QSCE-SV002,1500,15,
QSCE,QS COMERCIAL ECONOMIC,Inspeção Física Diagnóstica,SERVICE,SV,003,QSCE-SV003,1000,,
QSCE,QS COMERCIAL ECONOMIC,Lavagem de Cadeiras,SERVICE,SV,004,QSCE-SV004,2500,,
QSCE,QS COMERCIAL ECONOMIC,Limpeza de Pnes,PNEU,TY,005,QSCE-TY005,200,15,
QSCE,QS COMERCIAL ECONOMIC,Limpeza de Sensor de Escape,LIMPEZA,CL,001,QSCE-CL001,1500,,
QSCE,QS COMERCIAL ECONOMIC,Limpeza de TBI (Tubo de Borboleta de Injeção),LIMPEZA,CL,002,QSCE-CL002,2000,60,
QSCE,QS COMERCIAL ECONOMIC,Limpeza do Cárter da Caixa,LIMPEZA,CL,003,QSCE-CL003,1800,90,
QSCE,QS COMERCIAL ECONOMIC,Lavagem Externa,LIMPEZA,CL,004,QSCE-CL004,,,
QSCE,QS COMERCIAL ECONOMIC,Lavagem Interna,LIMPEZA,CL,005,QSCE-CL005,,,
QSCE,QS COMERCIAL ECONOMIC,Lavagem Interna e Externa,LIMPEZA,CL,006,QSCE-CL006,,,
QSCE,QS COMERCIAL ECONOMIC,Limpeza do Cárter do Motor,LIMPEZA,CL,007,QSCE-CL007,1500,90,
QSCE,QS COMERCIAL ECONOMIC,Lubrificação de Copos,SERVICE,SV,005,QSCE-SV005,200,,
QSCE,QS COMERCIAL ECONOMIC,Lubrificação de Dados,SERVICE,SV,006,QSCE-SV006,200,,
QSCE,QS COMERCIAL ECONOMIC,Montagem de Pernos,PNEU,TY,006,QSCE-TY006,300,30,
QSCE,QS COMERCIAL ECONOMIC,Montagem de Pneus,PNEU,TY,007,QSCE-TY007,200,15,
QSCE,QS COMERCIAL ECONOMIC,Montagem de Valvula de Ar,PNEU,TY,008,QSCE-TY008,100,15,
QSCE,QS COMERCIAL ECONOMIC,Mudança de Óleo e Filtros,SERVICE,SV,007,QSCE-SV007,1000,45,
QSCE,QS COMERCIAL ECONOMIC,Remenda de Pneus,PNEU,TY,009,QSCE-TY009,200,15,
QSCE,QS COMERCIAL ECONOMIC,Reparação de Radiador,ENGINE,EN,001,QSCE-EN001,3500,120,
QSCE,QS COMERCIAL ECONOMIC,Reparação do Motor,ENGINE,EN,002,QSCE-EN002,10500,7 DIAS,
QSCE,QS COMERCIAL ECONOMIC,Substituição da Bobina de Ignição,ENGINE,EN,003,QSCE-EN003,500,15,
QSCE,QS COMERCIAL ECONOMIC,Remenda tubeless,PNEU,TY,010,QSCE-TY010,200,15,
QSCE,QS COMERCIAL ECONOMIC,Substituição de Vela de Ignição,ENGINE,EN,004,QSCE-EN004,500,15,
QSCE,QS COMERCIAL ECONOMIC,Troca  de Rotulas,SUSPENSAO,SP,001,QSCE-SP001,1200,120,
QSCE,QS COMERCIAL ECONOMIC,Troca de Alternador,ENGINE,EN,005,QSCE-EN005,1500,120,
QSCE,QS COMERCIAL ECONOMIC,Troca de Amortecedores de frente,SUSPENSAO,SP,002,QSCE-SP002,1500,45,
QSCE,QS COMERCIAL ECONOMIC,Troca de Amortecedores de Tras (WITH COIL),SUSPENSAO,SP,003,QSCE-SP003,1500,45,
QSCE,QS COMERCIAL ECONOMIC,Troca de Amortecedores de Tras (WITHOUT COIL),SUSPENSAO,SP,004,QSCE-SP004,800,45,
QSCE,QS COMERCIAL ECONOMIC,Troca de Apoio de Motor,ENGINE,EN,006,QSCE-EN006,1000,90,
QSCE,QS COMERCIAL ECONOMIC,TROCA DE PULIA,FREIOS,BK,001,QSCE-BK001,1500,,
QSCE,QS COMERCIAL ECONOMIC,TROCA DE BALATAS,FREIOS,BK,002,QSCE-BK002,1500,45,
QSCE,QS COMERCIAL ECONOMIC,TROCA DE BRACOS,SUSPENSAO,SP,005,QSCE-SP005,1200,90,
QSCE,QS COMERCIAL ECONOMIC,TROCA DE CAIXA DE VELOCIDADE,SUSPENSAO,SP,006,QSCE-SP006,5500,48H,
QSCE,QS COMERCIAL ECONOMIC,Troca de Calsos,FREIOS,BK,003,QSCE-BK003,1000,15,
QSCE,QS COMERCIAL ECONOMIC,Troca de Cardans,SUSPENSAO,SP,007,QSCE-SP007,1800,120,
QSCE,QS COMERCIAL ECONOMIC,TROCA DE CASQUILHOS DA BARRA ESTABILIZADORA,SUSPENSAO,SP,008,QSCE-SP008,1800,45,
QSCE,QS COMERCIAL ECONOMIC,TROCA DE CASQUILHOS DAS MOLAS,SUSPENSAO,SP,009,QSCE-SP009,5500,120,
QSCE,QS COMERCIAL ECONOMIC,TROCA DE CASQUILHOS DO CHARION,SUSPENSAO,SP,010,QSCE-SP010,4500,180,
QSCE,QS COMERCIAL ECONOMIC,Troca de Casquilhos dos Triangulos,SUSPENSAO,SP,011,QSCE-SP011,1200,180,
QSCE,QS COMERCIAL ECONOMIC,TROCA DE CORREIA DE COMANDO,ENGINE,EN,007,QSCE-EN007,1500,90,
QSCE,QS COMERCIAL ECONOMIC,TROCA DE CORREIA DE PS,ENGINE,EN,008,QSCE-EN008,300,15,
QSCE,QS COMERCIAL ECONOMIC,TROCA DE CORREIA DO ALTERNADOR,ENGINE,EN,009,QSCE-EN009,500,15,
QSCE,QS COMERCIAL ECONOMIC,Troca de Cruzeta,SUSPENSAO,SP,012,QSCE-SP012,1200,120,
QSCE,QS COMERCIAL ECONOMIC,TROCA DE CUBO DE FRENTE,SUSPENSAO,SP,013,QSCE-SP013,1500,90,
QSCE,QS COMERCIAL ECONOMIC,TROCA DE CUBO DE TRAS,SUSPENSAO,SP,014,QSCE-SP014,2500,90,
QSCE,QS COMERCIAL ECONOMIC,Troca de dados,SUSPENSAO,SP,015,QSCE-SP015,1800,120,
QSCE,QS COMERCIAL ECONOMIC,TROCA DE DISCO DE EMBRIAGEM,ENGINE,EN,010,QSCE-EN010,3500,45,
QSCE,QS COMERCIAL ECONOMIC,TROCA DE DISCO DE TRAVAO,FREIOS,BK,004,QSCE-BK004,1000,60,
QSCE,QS COMERCIAL ECONOMIC,Parafinação de Chassi,SERVICE,SV,008,QSCE-SV008,1200,,
QSCE,QS COMERCIAL ECONOMIC,TROCA DE FOLE DE CAIXA DE DIRECAO,SUSPENSAO,SP,016,QSCE-SP016,500,30,
QSCE,QS COMERCIAL ECONOMIC,TROCA DE FOLE DO CARDA,SUSPENSAO,SP,017,QSCE-SP017,500,30,
QSCE,QS COMERCIAL ECONOMIC,TROCA DE JUNTA DE CABECA,ENGINE,EN,011,QSCE-EN011,3500,48H,
QSCE,QS COMERCIAL ECONOMIC,TROCA DE KITS HYDRAULICOS DE EMBRIAGEM,ENGINE,EN,012,QSCE-EN012,1000,60,
QSCE,QS COMERCIAL ECONOMIC,TROCA DE MOTOR DE ARRANQUE,ENGINE,EN,013,QSCE-EN013,1500,90,
QSCE,QS COMERCIAL ECONOMIC,TROCA DE OLEO DE CAIXA,ENGINE,EN,014,QSCE-EN014,1200,15,
QSCE,QS COMERCIAL ECONOMIC,TROCA DE OLEO DE DIFERENCIAL,SUSPENSAO,SP,018,QSCE-SP018,600,15,
QSCE,QS COMERCIAL ECONOMIC,Troca de Ponteiras,SUSPENSAO,SP,019,QSCE-SP019,800,15,
QSCE,QS COMERCIAL ECONOMIC,TROCA DE PONTERINHAS,SUSPENSAO,SP,020,QSCE-SP020,800,30,
QSCE,QS COMERCIAL ECONOMIC,TROCA DE SENSORES,ENGINE,EN,015,QSCE-EN015,1500,45,
QSCE,QS COMERCIAL ECONOMIC,TROCA DE TRIANGULOS,SUSPENSAO,SP,021,QSCE-SP021,2000,120,
QSCE,QS COMERCIAL ECONOMIC,TROCA DE VEDANTE DA TAMPA DAS VALVULAS,ENGINE,EN,016,QSCE-EN016,1500,48H,
QSCE,QS COMERCIAL ECONOMIC,TROCA DE VEIO,SUSPENSAO,SP,022,QSCE-SP022,1500,45,
QSCE,QS COMERCIAL ECONOMIC,TROCA DE VEDANTE DA CAMBOTA,ENGINE,EN,017,QSCE-EN017,800,90,
QSCE,QS COMERCIAL ECONOMIC,TROCA DO KIT DE EMBRIAGEM DA CAIXA,ENGINE,EN,018,QSCE-EN018,5500,48H,
QSCE,QS COMERCIAL ECONOMIC,TROCA DO LIQUIDO AREFECIMENTO,SERVICE,SV,009,QSCE-SV009,500,15,
QSCE,QS COMERCIAL ECONOMIC,VALET,LIMPEZA,CL,008,QSCE-CL008,2500,,
QSCE,QS COMERCIAL ECONOMIC,Vulcanização de Pneus,PNEU,TY,011,QSCE-TY011,350,45,
QSCL,QS COMERCIAL LUXURIOUS,Alinhamento de Direção,PNEU,TY,001,QSCL-TY001,1200,30,
QSCL,QS COMERCIAL LUXURIOUS,Alinhamento com camber,PNEU,TY,002,QSCL-TY002,2500,,
QSCL,QS COMERCIAL LUXURIOUS,Balanceamento Jante Aluminio,PNEU,TY,003,QSCL-TY003,250,45,
QSCL,QS COMERCIAL LUXURIOUS,Balanceamento Jante Ferro,PNEU,TY,004,QSCL-TY004,200,15,
QSCL,QS COMERCIAL LUXURIOUS,Diagnóstico Computadorizado e Diagnóstico Físico,SERVICE,SV,001,QSCL-SV001,2500,15,
QSCL,QS COMERCIAL LUXURIOUS,Diagnóstico Computadorizado,SERVICE,SV,002,QSCL-SV002,1500,15,
QSCL,QS COMERCIAL LUXURIOUS,Inspeção Física Diagnóstica,SERVICE,SV,003,QSCL-SV003,1000,,
QSCL,QS COMERCIAL LUXURIOUS,Lavagem de Cadeiras,SERVICE,SV,004,QSCL-SV004,3500,,
QSCL,QS COMERCIAL LUXURIOUS,Limpeza de Pnes,PNEU,TY,005,QSCL-TY005,200,15,
QSCL,QS COMERCIAL LUXURIOUS,Limpeza de Sensor de Escape,LIMPEZA,CL,001,QSCL-CL001,1500,,
QSCL,QS COMERCIAL LUXURIOUS,Limpeza de TBI (Tubo de Borboleta de Injeção),LIMPEZA,CL,002,QSCL-CL002,2000,60,
QSCL,QS COMERCIAL LUXURIOUS,Limpeza do Cárter da Caixa,LIMPEZA,CL,003,QSCL-CL003,1800,90,
QSCL,QS COMERCIAL LUXURIOUS,Lavagem Externa,LIMPEZA,CL,004,QSCL-CL004,,,
QSCL,QS COMERCIAL LUXURIOUS,Lavagem Interna,LIMPEZA,CL,005,QSCL-CL005,,,
QSCL,QS COMERCIAL LUXURIOUS,Lavagem Interna e Externa,LIMPEZA,CL,006,QSCL-CL006,,,
QSCL,QS COMERCIAL LUXURIOUS,Limpeza do Cárter do Motor,LIMPEZA,CL,007,QSCL-CL007,1500,90,
QSCL,QS COMERCIAL LUXURIOUS,Lubrificação de Copos,SERVICE,SV,005,QSCL-SV005,200,,
QSCL,QS COMERCIAL LUXURIOUS,Lubrificação de Dados,SERVICE,SV,006,QSCL-SV006,200,,
QSCL,QS COMERCIAL LUXURIOUS,Montagem de Pernos,PNEU,TY,006,QSCL-TY006,400,30,
QSCL,QS COMERCIAL LUXURIOUS,Montagem de Pneus,PNEU,TY,007,QSCL-TY007,200,15,
QSCL,QS COMERCIAL LUXURIOUS,Montagem de Valvula de Ar,PNEU,TY,008,QSCL-TY008,100,15,
QSCL,QS COMERCIAL LUXURIOUS,Mudança de Óleo e Filtros,SERVICE,SV,007,QSCL-SV007,1500,45,
QSCL,QS COMERCIAL LUXURIOUS,Remenda de Pneus,PNEU,TY,009,QSCL-TY009,200,15,
QSCL,QS COMERCIAL LUXURIOUS,Reparação de Radiador,ENGINE,EN,001,QSCL-EN001,3500,120,
QSCL,QS COMERCIAL LUXURIOUS,Reparação do Motor,ENGINE,EN,002,QSCL-EN002,10500,7 DIAS,
QSCL,QS COMERCIAL LUXURIOUS,Substituição da Bobina de Ignição,ENGINE,EN,003,QSCL-EN003,500,15,
QSCL,QS COMERCIAL LUXURIOUS,Remenda tubeless,PNEU,TY,010,QSCL-TY010,200,15,
QSCL,QS COMERCIAL LUXURIOUS,Substituição de Vela de Ignição,ENGINE,EN,004,QSCL-EN004,800,15,
QSCL,QS COMERCIAL LUXURIOUS,Troca  de Rotulas,SUSPENSAO,SP,001,QSCL-SP001,1200,120,
QSCL,QS COMERCIAL LUXURIOUS,Troca de Alternador,ENGINE,EN,005,QSCL-EN005,1500,120,
QSCL,QS COMERCIAL LUXURIOUS,Troca de Amortecedores de frente,SUSPENSAO,SP,002,QSCL-SP002,1500,45,
QSCL,QS COMERCIAL LUXURIOUS,Troca de Amortecedores de Tras (WITH COIL),SUSPENSAO,SP,003,QSCL-SP003,1500,45,
QSCL,QS COMERCIAL LUXURIOUS,Troca de Amortecedores de Tras (WITHOUT COIL),SUSPENSAO,SP,004,QSCL-SP004,800,45,
QSCL,QS COMERCIAL LUXURIOUS,Troca de Apoio de Motor,ENGINE,EN,006,QSCL-EN006,1000,90,
QSCL,QS COMERCIAL LUXURIOUS,TROCA DE PULIA,FREIOS,BK,001,QSCL-BK001,1500,,
QSCL,QS COMERCIAL LUXURIOUS,TROCA DE BALATAS,FREIOS,BK,002,QSCL-BK002,1500,45,
QSCL,QS COMERCIAL LUXURIOUS,TROCA DE BRACOS,SUSPENSAO,SP,005,QSCL-SP005,1200,90,
QSCL,QS COMERCIAL LUXURIOUS,TROCA DE CAIXA DE VELOCIDADE,SUSPENSAO,SP,006,QSCL-SP006,5500,48H,
QSCL,QS COMERCIAL LUXURIOUS,Troca de Calsos,FREIOS,BK,003,QSCL-BK003,1000,15,
QSCL,QS COMERCIAL LUXURIOUS,Troca de Cardans,SUSPENSAO,SP,007,QSCL-SP007,1800,120,
QSCL,QS COMERCIAL LUXURIOUS,TROCA DE CASQUILHOS DA BARRA ESTABILIZADORA,SUSPENSAO,SP,008,QSCL-SP008,1800,45,
QSCL,QS COMERCIAL LUXURIOUS,TROCA DE CASQUILHOS DAS MOLAS,SUSPENSAO,SP,009,QSCL-SP009,5500,120,
QSCL,QS COMERCIAL LUXURIOUS,TROCA DE CASQUILHOS DO CHARION,SUSPENSAO,SP,010,QSCL-SP010,4500,180,
QSCL,QS COMERCIAL LUXURIOUS,Troca de Casquilhos dos Triangulos,SUSPENSAO,SP,011,QSCL-SP011,1200,180,
QSCL,QS COMERCIAL LUXURIOUS,TROCA DE CORREIA DE COMANDO,ENGINE,EN,007,QSCL-EN007,1500,90,
QSCL,QS COMERCIAL LUXURIOUS,TROCA DE CORREIA DE PS,ENGINE,EN,008,QSCL-EN008,300,15,
QSCL,QS COMERCIAL LUXURIOUS,TROCA DE CORREIA DO ALTERNADOR,ENGINE,EN,009,QSCL-EN009,500,15,
QSCL,QS COMERCIAL LUXURIOUS,Troca de Cruzeta,SUSPENSAO,SP,012,QSCL-SP012,1200,120,
QSCL,QS COMERCIAL LUXURIOUS,TROCA DE CUBO DE FRENTE,SUSPENSAO,SP,013,QSCL-SP013,1500,90,
QSCL,QS COMERCIAL LUXURIOUS,TROCA DE CUBO DE TRAS,SUSPENSAO,SP,014,QSCL-SP014,2500,90,
QSCL,QS COMERCIAL LUXURIOUS,Troca de dados,SUSPENSAO,SP,015,QSCL-SP015,1800,120,
QSCL,QS COMERCIAL LUXURIOUS,TROCA DE DISCO DE EMBRIAGEM,ENGINE,EN,010,QSCL-EN010,3500,45,
QSCL,QS COMERCIAL LUXURIOUS,TROCA DE DISCO DE TRAVAO,FREIOS,BK,004,QSCL-BK004,1000,60,
QSCL,QS COMERCIAL LUXURIOUS,Parafinação de Chassi,SERVICE,SV,008,QSCL-SV008,1200,,
QSCL,QS COMERCIAL LUXURIOUS,TROCA DE FOLE DE CAIXA DE DIRECAO,SUSPENSAO,SP,016,QSCL-SP016,500,30,
QSCL,QS COMERCIAL LUXURIOUS,TROCA DE FOLE DO CARDA,SUSPENSAO,SP,017,QSCL-SP017,500,30,
QSCL,QS COMERCIAL LUXURIOUS,TROCA DE JUNTA DE CABECA,ENGINE,EN,011,QSCL-EN011,3500,48H,
QSCL,QS COMERCIAL LUXURIOUS,TROCA DE KITS HYDRAULICOS DE EMBRIAGEM,ENGINE,EN,012,QSCL-EN012,1000,60,
QSCL,QS COMERCIAL LUXURIOUS,TROCA DE MOTOR DE ARRANQUE,ENGINE,EN,013,QSCL-EN013,1500,90,
QSCL,QS COMERCIAL LUXURIOUS,TROCA DE OLEO DE CAIXA,ENGINE,EN,014,QSCL-EN014,1200,15,
QSCL,QS COMERCIAL LUXURIOUS,TROCA DE OLEO DE DIFERENCIAL,SUSPENSAO,SP,018,QSCL-SP018,600,15,
QSCL,QS COMERCIAL LUXURIOUS,Troca de Ponteiras,SUSPENSAO,SP,019,QSCL-SP019,800,15,
QSCL,QS COMERCIAL LUXURIOUS,TROCA DE PONTERINHAS,SUSPENSAO,SP,020,QSCL-SP020,800,30,
QSCL,QS COMERCIAL LUXURIOUS,TROCA DE SENSORES,ENGINE,EN,015,QSCL-EN015,1500,45,
QSCL,QS COMERCIAL LUXURIOUS,TROCA DE TRIANGULOS,SUSPENSAO,SP,021,QSCL-SP021,2000,120,
QSCL,QS COMERCIAL LUXURIOUS,TROCA DE VEDANTE DA TAMPA DAS VALVULAS,ENGINE,EN,016,QSCL-EN016,1500,48H,
QSCL,QS COMERCIAL LUXURIOUS,TROCA DE VEIO,SUSPENSAO,SP,022,QSCL-SP022,1500,45,
QSCL,QS COMERCIAL LUXURIOUS,TROCA DE VEDANTE DA CAMBOTA,ENGINE,EN,017,QSCL-EN017,800,90,
QSCL,QS COMERCIAL LUXURIOUS,TROCA DO KIT DE EMBRIAGEM DA CAIXA,ENGINE,EN,018,QSCL-EN018,5500,48H,
QSCL,QS COMERCIAL LUXURIOUS,TROCA DO LIQUIDO AREFECIMENTO,SERVICE,SV,009,QSCL-SV009,800,15,
QSCL,QS COMERCIAL LUXURIOUS,VALET,LIMPEZA,CL,008,QSCL-CL008,4000,,
QSCL,QS COMERCIAL LUXURIOUS,Vulcanização de Pneus,PNEU,TY,011,QSCL-TY011,350,45,
QSSE,QS SUV ECONOMIC,Alinhamento de Direção,PNEU,TY,001,QSSE-TY001,1200,30,
QSSE,QS SUV ECONOMIC,Alinhamento com camber,PNEU,TY,002,QSSE-TY002,2000,,
QSSE,QS SUV ECONOMIC,Balanceamento Jante Aluminio,PNEU,TY,003,QSSE-TY003,250,45,
QSSE,QS SUV ECONOMIC,Balanceamento Jante Ferro,PNEU,TY,004,QSSE-TY004,200,15,
QSSE,QS SUV ECONOMIC,Diagnóstico Computadorizado e Diagnóstico Físico,SERVICE,SV,001,QSSE-SV001,2500,15,
QSSE,QS SUV ECONOMIC,Diagnóstico Computadorizado,SERVICE,SV,002,QSSE-SV002,1500,15,
QSSE,QS SUV ECONOMIC,Inspeção Física Diagnóstica,SERVICE,SV,003,QSSE-SV003,1000,,
QSSE,QS SUV ECONOMIC,Lavagem de Cadeiras,SERVICE,SV,004,QSSE-SV004,2500,,
QSSE,QS SUV ECONOMIC,Limpeza de Pnes,PNEU,TY,005,QSSE-TY005,200,15,
QSSE,QS SUV ECONOMIC,Limpeza de Sensor de Escape,LIMPEZA,CL,001,QSSE-CL001,1500,,
QSSE,QS SUV ECONOMIC,Limpeza de TBI (Tubo de Borboleta de Injeção),LIMPEZA,CL,002,QSSE-CL002,2000,60,
QSSE,QS SUV ECONOMIC,Limpeza do Cárter da Caixa,LIMPEZA,CL,003,QSSE-CL003,1800,90,
QSSE,QS SUV ECONOMIC,Lavagem Externa,LIMPEZA,CL,004,QSSE-CL004,,,
QSSE,QS SUV ECONOMIC,Lavagem Interna,LIMPEZA,CL,005,QSSE-CL005,,,
QSSE,QS SUV ECONOMIC,Lavagem Interna e Externa,LIMPEZA,CL,006,QSSE-CL006,,,
QSSE,QS SUV ECONOMIC,Limpeza do Cárter do Motor,LIMPEZA,CL,007,QSSE-CL007,1500,90,
QSSE,QS SUV ECONOMIC,Lubrificação de Copos,SERVICE,SV,005,QSSE-SV005,200,,
QSSE,QS SUV ECONOMIC,Lubrificação de Dados,SERVICE,SV,006,QSSE-SV006,200,,
QSSE,QS SUV ECONOMIC,Montagem de Pernos,PNEU,TY,006,QSSE-TY006,300,30,
QSSE,QS SUV ECONOMIC,Montagem de Pneus,PNEU,TY,007,QSSE-TY007,200,15,
QSSE,QS SUV ECONOMIC,Montagem de Valvula de Ar,PNEU,TY,008,QSSE-TY008,100,15,
QSSE,QS SUV ECONOMIC,Mudança de Óleo e Filtros,SERVICE,SV,007,QSSE-SV007,1500,45,
QSSE,QS SUV ECONOMIC,Remenda de Pneus,PNEU,TY,009,QSSE-TY009,200,15,
QSSE,QS SUV ECONOMIC,Reparação de Radiador,ENGINE,EN,001,QSSE-EN001,3500,120,
QSSE,QS SUV ECONOMIC,Reparação do Motor,ENGINE,EN,002,QSSE-EN002,10500,7 DIAS,
QSSE,QS SUV ECONOMIC,Substituição da Bobina de Ignição,ENGINE,EN,003,QSSE-EN003,500,15,
QSSE,QS SUV ECONOMIC,Remenda tubeless,PNEU,TY,010,QSSE-TY010,200,15,
QSSE,QS SUV ECONOMIC,Substituição de Vela de Ignição,ENGINE,EN,004,QSSE-EN004,500,15,
QSSE,QS SUV ECONOMIC,Troca  de Rotulas,SUSPENSAO,SP,001,QSSE-SP001,1200,120,
QSSE,QS SUV ECONOMIC,Troca de Alternador,ENGINE,EN,005,QSSE-EN005,1500,120,
QSSE,QS SUV ECONOMIC,Troca de Amortecedores de frente,SUSPENSAO,SP,002,QSSE-SP002,1500,45,
QSSE,QS SUV ECONOMIC,Troca de Amortecedores de Tras (WITH COIL),SUSPENSAO,SP,003,QSSE-SP003,1500,45,
QSSE,QS SUV ECONOMIC,Troca de Amortecedores de Tras (WITHOUT COIL),SUSPENSAO,SP,004,QSSE-SP004,800,45,
QSSE,QS SUV ECONOMIC,Troca de Apoio de Motor,ENGINE,EN,006,QSSE-EN006,1000,90,
QSSE,QS SUV ECONOMIC,TROCA DE PULIA,FREIOS,BK,001,QSSE-BK001,1500,,
QSSE,QS SUV ECONOMIC,TROCA DE BALATAS,FREIOS,BK,002,QSSE-BK002,1500,45,
QSSE,QS SUV ECONOMIC,TROCA DE BRACOS,SUSPENSAO,SP,005,QSSE-SP005,1200,90,
QSSE,QS SUV ECONOMIC,TROCA DE CAIXA DE VELOCIDADE,SUSPENSAO,SP,006,QSSE-SP006,5500,48H,
QSSE,QS SUV ECONOMIC,Troca de Calsos,FREIOS,BK,003,QSSE-BK003,1000,15,
QSSE,QS SUV ECONOMIC,Troca de Cardans,SUSPENSAO,SP,007,QSSE-SP007,1800,120,
QSSE,QS SUV ECONOMIC,TROCA DE CASQUILHOS DA BARRA ESTABILIZADORA,SUSPENSAO,SP,008,QSSE-SP008,1800,45,
QSSE,QS SUV ECONOMIC,TROCA DE CASQUILHOS DAS MOLAS,SUSPENSAO,SP,009,QSSE-SP009,5500,120,
QSSE,QS SUV ECONOMIC,TROCA DE CASQUILHOS DO CHARION,SUSPENSAO,SP,010,QSSE-SP010,4500,180,
QSSE,QS SUV ECONOMIC,Troca de Casquilhos dos Triangulos,SUSPENSAO,SP,011,QSSE-SP011,1200,180,
QSSE,QS SUV ECONOMIC,TROCA DE CORREIA DE COMANDO,ENGINE,EN,007,QSSE-EN007,1500,90,
QSSE,QS SUV ECONOMIC,TROCA DE CORREIA DE PS,ENGINE,EN,008,QSSE-EN008,300,15,
QSSE,QS SUV ECONOMIC,TROCA DE CORREIA DO ALTERNADOR,ENGINE,EN,009,QSSE-EN009,500,15,
QSSE,QS SUV ECONOMIC,Troca de Cruzeta,SUSPENSAO,SP,012,QSSE-SP012,1200,120,
QSSE,QS SUV ECONOMIC,TROCA DE CUBO DE FRENTE,SUSPENSAO,SP,013,QSSE-SP013,1500,90,
QSSE,QS SUV ECONOMIC,TROCA DE CUBO DE TRAS,SUSPENSAO,SP,014,QSSE-SP014,2500,90,
QSSE,QS SUV ECONOMIC,Troca de dados,SUSPENSAO,SP,015,QSSE-SP015,1800,120,
QSSE,QS SUV ECONOMIC,TROCA DE DISCO DE EMBRIAGEM,ENGINE,EN,010,QSSE-EN010,3500,45,
QSSE,QS SUV ECONOMIC,TROCA DE DISCO DE TRAVAO,FREIOS,BK,004,QSSE-BK004,1000,60,
QSSE,QS SUV ECONOMIC,Parafinação de Chassi,SERVICE,SV,008,QSSE-SV008,1200,,
QSSE,QS SUV ECONOMIC,TROCA DE FOLE DE CAIXA DE DIRECAO,SUSPENSAO,SP,016,QSSE-SP016,500,30,
QSSE,QS SUV ECONOMIC,TROCA DE FOLE DO CARDA,SUSPENSAO,SP,017,QSSE-SP017,500,30,
QSSE,QS SUV ECONOMIC,TROCA DE JUNTA DE CABECA,ENGINE,EN,011,QSSE-EN011,3500,48H,
QSSE,QS SUV ECONOMIC,TROCA DE KITS HYDRAULICOS DE EMBRIAGEM,ENGINE,EN,012,QSSE-EN012,1000,60,
QSSE,QS SUV ECONOMIC,TROCA DE MOTOR DE ARRANQUE,ENGINE,EN,013,QSSE-EN013,1500,90,
QSSE,QS SUV ECONOMIC,TROCA DE OLEO DE CAIXA,ENGINE,EN,014,QSSE-EN014,1200,15,
QSSE,QS SUV ECONOMIC,TROCA DE OLEO DE DIFERENCIAL,SUSPENSAO,SP,018,QSSE-SP018,600,15,
QSSE,QS SUV ECONOMIC,Troca de Ponteiras,SUSPENSAO,SP,019,QSSE-SP019,800,15,
QSSE,QS SUV ECONOMIC,TROCA DE PONTERINHAS,SUSPENSAO,SP,020,QSSE-SP020,800,30,
QSSE,QS SUV ECONOMIC,TROCA DE SENSORES,ENGINE,EN,015,QSSE-EN015,1500,45,
QSSE,QS SUV ECONOMIC,TROCA DE TRIANGULOS,SUSPENSAO,SP,021,QSSE-SP021,2000,120,
QSSE,QS SUV ECONOMIC,TROCA DE VEDANTE DA TAMPA DAS VALVULAS,ENGINE,EN,016,QSSE-EN016,1500,48H,
QSSE,QS SUV ECONOMIC,TROCA DE VEIO,SUSPENSAO,SP,022,QSSE-SP022,1500,45,
QSSE,QS SUV ECONOMIC,TROCA DE VEDANTE DA CAMBOTA,ENGINE,EN,017,QSSE-EN017,800,90,
QSSE,QS SUV ECONOMIC,TROCA DO KIT DE EMBRIAGEM DA CAIXA,ENGINE,EN,018,QSSE-EN018,5500,48H,
QSSE,QS SUV ECONOMIC,TROCA DO LIQUIDO AREFECIMENTO,SERVICE,SV,009,QSSE-SV009,500,15,
QSSE,QS SUV ECONOMIC,VALET,LIMPEZA,CL,008,QSSE-CL008,2500,,
QSSE,QS SUV ECONOMIC,Vulcanização de Pneus,PNEU,TY,011,QSSE-TY011,350,45,
QSSL,QS SUV LUXURIOUS,Alinhamento de Direção,PNEU,TY,001,QSSL-TY001,1200,30,
QSSL,QS SUV LUXURIOUS,Alinhamento com camber,PNEU,TY,002,QSSL-TY002,2500,,
QSSL,QS SUV LUXURIOUS,Balanceamento Jante Aluminio,PNEU,TY,003,QSSL-TY003,250,45,
QSSL,QS SUV LUXURIOUS,Balanceamento Jante Ferro,PNEU,TY,004,QSSL-TY004,200,15,
QSSL,QS SUV LUXURIOUS,Diagnóstico Computadorizado e Diagnóstico Físico,SERVICE,SV,001,QSSL-SV001,2500,15,
QSSL,QS SUV LUXURIOUS,Diagnóstico Computadorizado,SERVICE,SV,002,QSSL-SV002,1500,15,
QSSL,QS SUV LUXURIOUS,Inspeção Física Diagnóstica,SERVICE,SV,003,QSSL-SV003,1000,,
QSSL,QS SUV LUXURIOUS,Lavagem de Cadeiras,SERVICE,SV,004,QSSL-SV004,3500,,
QSSL,QS SUV LUXURIOUS,Limpeza de Pnes,PNEU,TY,005,QSSL-TY005,200,15,
QSSL,QS SUV LUXURIOUS,Limpeza de Sensor de Escape,LIMPEZA,CL,001,QSSL-CL001,1500,,
QSSL,QS SUV LUXURIOUS,Limpeza de TBI (Tubo de Borboleta de Injeção),LIMPEZA,CL,002,QSSL-CL002,2000,60,
QSSL,QS SUV LUXURIOUS,Limpeza do Cárter da Caixa,LIMPEZA,CL,003,QSSL-CL003,1800,90,
QSSL,QS SUV LUXURIOUS,Lavagem Externa,LIMPEZA,CL,004,QSSL-CL004,,,
QSSL,QS SUV LUXURIOUS,Lavagem Interna,LIMPEZA,CL,005,QSSL-CL005,,,
QSSL,QS SUV LUXURIOUS,Lavagem Interna e Externa,LIMPEZA,CL,006,QSSL-CL006,,,
QSSL,QS SUV LUXURIOUS,Limpeza do Cárter do Motor,LIMPEZA,CL,007,QSSL-CL007,1500,90,
QSSL,QS SUV LUXURIOUS,Lubrificação de Copos,SERVICE,SV,005,QSSL-SV005,200,,
QSSL,QS SUV LUXURIOUS,Lubrificação de Dados,SERVICE,SV,006,QSSL-SV006,200,,
QSSL,QS SUV LUXURIOUS,Montagem de Pernos,PNEU,TY,006,QSSL-TY006,400,30,
QSSL,QS SUV LUXURIOUS,Montagem de Pneus,PNEU,TY,007,QSSL-TY007,200,15,
QSSL,QS SUV LUXURIOUS,Montagem de Valvula de Ar,PNEU,TY,008,QSSL-TY008,100,15,
QSSL,QS SUV LUXURIOUS,Mudança de Óleo e Filtros,SERVICE,SV,007,QSSL-SV007,1500,45,
QSSL,QS SUV LUXURIOUS,Remenda de Pneus,PNEU,TY,009,QSSL-TY009,200,15,
QSSL,QS SUV LUXURIOUS,Reparação de Radiador,ENGINE,EN,001,QSSL-EN001,3500,120,
QSSL,QS SUV LUXURIOUS,Reparação do Motor,ENGINE,EN,002,QSSL-EN002,10500,7 DIAS,
QSSL,QS SUV LUXURIOUS,Substituição da Bobina de Ignição,ENGINE,EN,003,QSSL-EN003,500,15,
QSSL,QS SUV LUXURIOUS,Remenda tubeless,PNEU,TY,010,QSSL-TY010,200,15,
QSSL,QS SUV LUXURIOUS,Substituição de Vela de Ignição,ENGINE,EN,004,QSSL-EN004,800,15,
QSSL,QS SUV LUXURIOUS,Troca  de Rotulas,SUSPENSAO,SP,001,QSSL-SP001,1200,120,
QSSL,QS SUV LUXURIOUS,Troca de Alternador,ENGINE,EN,005,QSSL-EN005,1500,120,
QSSL,QS SUV LUXURIOUS,Troca de Amortecedores de frente,SUSPENSAO,SP,002,QSSL-SP002,1500,45,
QSSL,QS SUV LUXURIOUS,Troca de Amortecedores de Tras (WITH COIL),SUSPENSAO,SP,003,QSSL-SP003,1500,45,
QSSL,QS SUV LUXURIOUS,Troca de Amortecedores de Tras (WITHOUT COIL),SUSPENSAO,SP,004,QSSL-SP004,800,45,
QSSL,QS SUV LUXURIOUS,Troca de Apoio de Motor,ENGINE,EN,006,QSSL-EN006,1000,90,
QSSL,QS SUV LUXURIOUS,TROCA DE PULIA,FREIOS,BK,001,QSSL-BK001,1500,,
QSSL,QS SUV LUXURIOUS,TROCA DE BALATAS,FREIOS,BK,002,QSSL-BK002,1500,45,
QSSL,QS SUV LUXURIOUS,TROCA DE BRACOS,SUSPENSAO,SP,005,QSSL-SP005,1200,90,
QSSL,QS SUV LUXURIOUS,TROCA DE CAIXA DE VELOCIDADE,SUSPENSAO,SP,006,QSSL-SP006,5500,48H,
QSSL,QS SUV LUXURIOUS,Troca de Calsos,FREIOS,BK,003,QSSL-BK003,1000,15,
QSSL,QS SUV LUXURIOUS,Troca de Cardans,SUSPENSAO,SP,007,QSSL-SP007,1800,120,
QSSL,QS SUV LUXURIOUS,TROCA DE CASQUILHOS DA BARRA ESTABILIZADORA,SUSPENSAO,SP,008,QSSL-SP008,1800,45,
QSSL,QS SUV LUXURIOUS,TROCA DE CASQUILHOS DAS MOLAS,SUSPENSAO,SP,009,QSSL-SP009,5500,120,
QSSL,QS SUV LUXURIOUS,TROCA DE CASQUILHOS DO CHARION,SUSPENSAO,SP,010,QSSL-SP010,4500,180,
QSSL,QS SUV LUXURIOUS,Troca de Casquilhos dos Triangulos,SUSPENSAO,SP,011,QSSL-SP011,1200,180,
QSSL,QS SUV LUXURIOUS,TROCA DE CORREIA DE COMANDO,ENGINE,EN,007,QSSL-EN007,1500,90,
QSSL,QS SUV LUXURIOUS,TROCA DE CORREIA DE PS,ENGINE,EN,008,QSSL-EN008,300,15,
QSSL,QS SUV LUXURIOUS,TROCA DE CORREIA DO ALTERNADOR,ENGINE,EN,009,QSSL-EN009,500,15,
QSSL,QS SUV LUXURIOUS,Troca de Cruzeta,SUSPENSAO,SP,012,QSSL-SP012,1200,120,
QSSL,QS SUV LUXURIOUS,TROCA DE CUBO DE FRENTE,SUSPENSAO,SP,013,QSSL-SP013,1500,90,
QSSL,QS SUV LUXURIOUS,TROCA DE CUBO DE TRAS,SUSPENSAO,SP,014,QSSL-SP014,2500,90,
QSSL,QS SUV LUXURIOUS,Troca de dados,SUSPENSAO,SP,015,QSSL-SP015,1800,120,
QSSL,QS SUV LUXURIOUS,TROCA DE DISCO DE EMBRIAGEM,ENGINE,EN,010,QSSL-EN010,3500,45,
QSSL,QS SUV LUXURIOUS,TROCA DE DISCO DE TRAVAO,FREIOS,BK,004,QSSL-BK004,1000,60,
QSSL,QS SUV LUXURIOUS,Parafinação de Chassi,SERVICE,SV,008,QSSL-SV008,1200,,
QSSL,QS SUV LUXURIOUS,TROCA DE FOLE DE CAIXA DE DIRECAO,SUSPENSAO,SP,016,QSSL-SP016,500,30,
QSSL,QS SUV LUXURIOUS,TROCA DE FOLE DO CARDA,SUSPENSAO,SP,017,QSSL-SP017,500,30,
QSSL,QS SUV LUXURIOUS,TROCA DE JUNTA DE CABECA,ENGINE,EN,011,QSSL-EN011,3500,48H,
QSSL,QS SUV LUXURIOUS,TROCA DE KITS HYDRAULICOS DE EMBRIAGEM,ENGINE,EN,012,QSSL-EN012,1000,60,
QSSL,QS SUV LUXURIOUS,TROCA DE MOTOR DE ARRANQUE,ENGINE,EN,013,QSSL-EN013,1500,90,
QSSL,QS SUV LUXURIOUS,TROCA DE OLEO DE CAIXA,ENGINE,EN,014,QSSL-EN014,1200,15,
QSSL,QS SUV LUXURIOUS,TROCA DE OLEO DE DIFERENCIAL,SUSPENSAO,SP,018,QSSL-SP018,600,15,
QSSL,QS SUV LUXURIOUS,Troca de Ponteiras,SUSPENSAO,SP,019,QSSL-SP019,800,15,
QSSL,QS SUV LUXURIOUS,TROCA DE PONTERINHAS,SUSPENSAO,SP,020,QSSL-SP020,800,30,
QSSL,QS SUV LUXURIOUS,TROCA DE SENSORES,ENGINE,EN,015,QSSL-EN015,1500,45,
QSSL,QS SUV LUXURIOUS,TROCA DE TRIANGULOS,SUSPENSAO,SP,021,QSSL-SP021,2000,120,
QSSL,QS SUV LUXURIOUS,TROCA DE VEDANTE DA TAMPA DAS VALVULAS,ENGINE,EN,016,QSSL-EN016,1500,48H,
QSSL,QS SUV LUXURIOUS,TROCA DE VEIO,SUSPENSAO,SP,022,QSSL-SP022,1500,45,
QSSL,QS SUV LUXURIOUS,TROCA DE VEDANTE DA CAMBOTA,ENGINE,EN,017,QSSL-EN017,800,90,
QSSL,QS SUV LUXURIOUS,TROCA DO KIT DE EMBRIAGEM DA CAIXA,ENGINE,EN,018,QSSL-EN018,5500,48H,
QSSL,QS SUV LUXURIOUS,TROCA DO LIQUIDO AREFECIMENTO,SERVICE,SV,009,QSSL-SV009,800,15,
QSSL,QS SUV LUXURIOUS,VALET,LIMPEZA,CL,008,QSSL-CL008,4000,,
QSSL,QS SUV LUXURIOUS,Vulcanização de Pneus,PNEU,TY,011,QSSL-TY011,350,45,
